{"acc": [0.29153696262838585, 0.3310646959850178, 0.3435921238399515, 0.35630452791785394, 0.3760715834760311, 0.411147103468642, 0.46783307425637094, 0.5434186232116154, 0.6180027424087754, 0.6783308513238612, 0.7160662173990656, 0.7392202702983883, 0.7532275166263105, 0.7608689916263449, 0.7666288010120976, 0.7683828963414379, 0.7716295676139652, 0.7737408594485479, 0.7736069095230848, 0.7731412780578693, 0.7744169827352381, 0.7726309954323208, 0.7746785029182691, 0.7742128698927545, 0.7743149269793285], "loss": [2.7613456822928346, 2.571786065542522, 2.5039071200812124, 2.4341144662806835, 2.3306437681607823, 2.166934370355849, 1.9305265335645665, 1.652549769851987, 1.3885578605105768, 1.180796005176623, 1.0436477163327424, 0.9562928968408543, 0.9015225665004617, 0.8636664213067008, 0.8385886515793389, 0.827303948637727, 0.8069433233394497, 0.7968419951590103, 0.7912837275255759, 0.78614287431653, 0.776110257295867, 0.776566785871572, 0.7663250729443923, 0.7651588910315337, 0.7637424969856256], "val_acc": [0.3190284159838402, 0.3322447234071894, 0.3375516579443991, 0.34347093100753884, 0.3421952266829862, 0.3365821217513665, 0.3288768617061898, 0.31754859687479414, 0.3075980944567057, 0.3000459179267741, 0.2999948893766437, 0.29652497108635834, 0.29325916529030266, 0.2933612208485135, 0.28927896324758623, 0.2889217658298882, 0.28927896418437404, 0.2872378358173268, 0.28749297664269763, 0.2866254968245236, 0.28713577945615504, 0.28652344009380726, 0.28989130255518664, 0.2884114830446601, 0.2872888642092983], "val_loss": [2.6278574515247963, 2.5664182429642874, 2.5400338042857253, 2.5212100979113523, 2.5292282050839794, 2.5757850179162727, 2.6862260651733214, 2.8675139931420217, 3.071670389980809, 3.306261439247266, 3.4784776064889336, 3.6532296151502184, 3.7573454553401975, 3.8815266169801914, 4.004179113123036, 4.043354585583541, 4.080434859903052, 4.1682611054630065, 4.175340810649132, 4.234171255052032, 4.3099068612074705, 4.293080625481987, 4.328419513116474, 4.353951231462588, 4.352534115785919]}