{"acc": [0.284067707387864, 0.31606877866793864, 0.3281688449251632, 0.33847654510958375, 0.34952415404936826, 0.36471142709611076, 0.38395544294633444, 0.4087679128149684, 0.43682705390214277, 0.4693256498505438, 0.5046754473948738, 0.5403250370290794, 0.5740036618185206, 0.6037850047475423, 0.6302877849079781, 0.6546601363911448, 0.6737191757328773, 0.6891679685231513, 0.7026904469400899, 0.7131129594358819, 0.7224638802397402, 0.729933136052828, 0.7358906798525879, 0.7400239660629553, 0.7442529285392658, 0.7493238580946522, 0.7484244863819807, 0.7509376249194979, 0.7541332669484285, 0.7562381812152847, 0.7578264349664651, 0.7577371351976336, 0.7573480448969445, 0.7592105747923812, 0.7607031497972598, 0.7591467895176044, 0.759963241246438, 0.7620872903926802, 0.7621510761510586, 0.7632099113373353, 0.7610220767125345, 0.7608817488056985, 0.7628590921473734, 0.7643070178624531, 0.7638158718195412, 0.7616918220862859, 0.7615961439361218, 0.7623232951114122, 0.7634140242588984, 0.7654551525955304], "loss": [2.786752339588803, 2.6115601369359758, 2.5531279621011365, 2.499369278680173, 2.4390964632819743, 2.3665673200400525, 2.2761747089217996, 2.169259779211903, 2.0483501239346564, 1.9203508717767888, 1.7901105016672216, 1.6635039747445663, 1.5430261207738871, 1.435668178023979, 1.3401841117121307, 1.2555837015971947, 1.1837187641362374, 1.1266875069238838, 1.073520727573855, 1.0329927211073142, 0.9988023665262533, 0.966631031665363, 0.9448520128943637, 0.9244802786743433, 0.9067219941294996, 0.8864702044877312, 0.8808350367920675, 0.8705340135904722, 0.8572087062024435, 0.8470657764466227, 0.8406892883400165, 0.8388697196678488, 0.8330080440637561, 0.8254869253305585, 0.8199660169734282, 0.8240274576453243, 0.816287022224858, 0.8057363147579748, 0.8063381432242958, 0.8032540826065817, 0.8051382502731136, 0.8061770793300883, 0.7961194996639874, 0.7909028250552042, 0.7933407473464994, 0.7977637393361009, 0.7972580006788743, 0.7911462568633623, 0.7878747581690436, 0.7819925403162467], "val_acc": [0.29667805550797605, 0.29999489013094033, 0.2993825524627186, 0.31708934325408333, 0.3236719825477413, 0.31407867760209823, 0.3315303281490223, 0.3044343456757484, 0.30030105959768716, 0.2889727954263011, 0.2950961810901237, 0.2871357791383163, 0.275654429202482, 0.29106495144166844, 0.2745828365691981, 0.28851354047644656, 0.27723630462403553, 0.2764708820080133, 0.28034902695046887, 0.26493850449077233, 0.26580598322768634, 0.26034596363774376, 0.27432769639319154, 0.2648874759436834, 0.2675919714354554, 0.25825380770297673, 0.26549981444984355, 0.26427513706493716, 0.2708067501169775, 0.262336065013439, 0.2587640898966294, 0.25810072300306003, 0.26320354477382407, 0.2652446729188404, 0.262131951749705, 0.26350971416301217, 0.26733682983601803, 0.2617747548232123, 0.2603459647098792, 0.2541205222012833, 0.2637648559707935, 0.2582538073334322, 0.25825380721177144, 0.25493697340089266, 0.2615196134305982, 0.2595805414247228, 0.25876408982059146, 0.25932539923371006, 0.2659590684355367, 0.2593254007058052], "val_loss": [2.738640821362695, 2.663768457114505, 2.6927410552299356, 2.6156439692498274, 2.6162884842469243, 2.6591233615152094, 2.6496247297501987, 2.7298215263600483, 2.807696444200984, 2.9213578279708097, 2.99131204259878, 3.1134631269141266, 3.238958158024405, 3.319519072690472, 3.4802083570798903, 3.5768832016789305, 3.689557191540515, 3.823584559329123, 3.873370035695818, 4.023348828338267, 4.100368679959768, 4.164584736547379, 4.206358216675945, 4.3106276566455355, 4.330087631838951, 4.488120346694186, 4.443913387219358, 4.5066351963803735, 4.562903866206054, 4.625947862533536, 4.691106448631211, 4.711135845911371, 4.71493836362161, 4.774357203641108, 4.795250940646493, 4.815772033561375, 4.84724855449739, 4.8978049060291875, 4.928408757566147, 4.926231351136955, 4.9077534009140535, 4.984116277774025, 5.012615728117942, 5.003930401752182, 5.009535436381574, 5.008124250766361, 5.033733790423388, 5.028898167477558, 5.064393186834434, 5.039248622217464]}