{"acc": [0.4583278673840675, 0.5644703649721422, 0.595616139237108, 0.6255275506930074, 0.6608190262924156, 0.7099565316645372, 0.7700848270026055, 0.8321020694923975, 0.8808966991954267, 0.9169362752389895, 0.935819491072125, 0.9456133259022221, 0.9515918671549356, 0.9574581924339712, 0.9600017218734939, 0.9591975172203929, 0.9605877309878018, 0.96310008817017, 0.9626075915548542, 0.9639229945790099, 0.9643656186406421, 0.9638170146764967, 0.9653817835335223, 0.9617971540291822, 0.966622376414161], "loss": [2.071406880634004, 1.5770136304225009, 1.4285786436281374, 1.302662632170875, 1.156518279349022, 0.9785829647994917, 0.7722604359285073, 0.5696660714995586, 0.40798434977229686, 0.29265963151812974, 0.2269868683778392, 0.19068741553750096, 0.16676263308344885, 0.1484560720852968, 0.13758599209971495, 0.13637216368300864, 0.13157893567624301, 0.12270245595284689, 0.12411563187856924, 0.11860078612739061, 0.11714383757814835, 0.11742024487964797, 0.11317086287241672, 0.12180121503159792, 0.10904225973772355], "val_acc": [0.5344371713698282, 0.5531893547446548, 0.5632636639686732, 0.5685003127940462, 0.5631639216108029, 0.5518427904119135, 0.5446611015399871, 0.5398733093847831, 0.5332402251443449, 0.5227669321012095, 0.5197745616608657, 0.514587789121444, 0.5180290117714924, 0.516881938397061, 0.5142885501423617, 0.5133409664479998, 0.5084035573745985, 0.5126926195478209, 0.5136900793036988, 0.5111964351443851, 0.5119445294262162, 0.5152860083509744, 0.5143384248349715, 0.5127424917879928, 0.5101491078287756], "val_loss": [1.7227824498790083, 1.6202503391634668, 1.5853311285450122, 1.581868283641968, 1.630686244318464, 1.7409047825747515, 1.8902604550912454, 2.0941593406218364, 2.312770798939861, 2.547478973285842, 2.712629981661882, 2.8825221092027595, 3.019568752584942, 3.087720164253399, 3.1650143947561364, 3.2226160885443336, 3.345508415843714, 3.390024210412534, 3.409148957912336, 3.412366371013049, 3.488256278225183, 3.515906464101715, 3.558138523474696, 3.5339239182409683, 3.5847663424697687]}