{"acc": [0.4639014678337814, 0.6133822148472164, 0.673208132946569, 0.724909082596156, 0.7768528472945564, 0.8242889654872699, 0.8680455052796817, 0.9026311011528028, 0.9303556126478143, 0.9473588987490972, 0.9597486935108017, 0.9680728915455914, 0.9713664596202026, 0.9769698852023655, 0.9780967964035062, 0.9802945847885836, 0.9809483178551824, 0.9823304963368976, 0.9821437164749965, 0.9833702438409783, 0.982529729434015, 0.9839741680428773, 0.9854621895979843, 0.9852256003889529, 0.9839056814777345], "loss": [2.0378183790481605, 1.3617558186421885, 1.1113574720728758, 0.9120496116267226, 0.7315064009492209, 0.568854090685257, 0.4268221065128159, 0.31394373362889216, 0.22762807508218144, 0.1741150698679335, 0.13268910939680195, 0.10591363151513536, 0.09421728512264538, 0.07613422588420243, 0.07165653004927794, 0.06664534162671484, 0.06296967287504653, 0.05870604664716079, 0.05827062620686546, 0.055153197229066996, 0.05626912947775721, 0.05324775707128108, 0.0488190096592642, 0.04812342334123089, 0.05208663918412887], "val_acc": [0.5642277096297189, 0.5881356635541147, 0.590775502676887, 0.5796184551937323, 0.5709518199869021, 0.5628330816059774, 0.5547143363018058, 0.5523235432763923, 0.5438561408326892, 0.5460477048727765, 0.5422622768988902, 0.5419136199731124, 0.5372316461326817, 0.5381780036234277, 0.5380783859044187, 0.5380285784558375, 0.5367833689362094, 0.5358868218821442, 0.5344423830135117, 0.5310554221452823, 0.5351895052814778, 0.5291627112740972, 0.5351895081968417, 0.5338446840947443, 0.5343427662163158], "val_loss": [1.596230566540212, 1.462083091059903, 1.4752273078921212, 1.5668431837411374, 1.7097718492591916, 1.9261302810008114, 2.195732679607895, 2.4314422355667435, 2.7287947304452946, 2.9316431395280893, 3.1160529021064427, 3.2542916941453943, 3.3537154144729437, 3.4704170662158456, 3.566647027494447, 3.6116382388495745, 3.6864047339281165, 3.7723117838724325, 3.7607797821804176, 3.8395396508014836, 3.903325362884055, 3.8655743873967836, 3.932226282515813, 3.9436444650045717, 3.9778232342658804]}