{"acc": [0.28210949925039985, 0.3185946750235283, 0.33049062856259126, 0.3426991296649715, 0.3602783499752167, 0.39122058519115616, 0.44312265968817915, 0.5168392997248936, 0.5970811726948482, 0.6639472720867494, 0.7101150520566764, 0.7374151488278006, 0.753584714501757, 0.7650724413863687, 0.7687911225708369, 0.7730264637980248, 0.7754885758065007, 0.7761200497866638, 0.7775871112069019, 0.7784163194733286, 0.7788819513476284, 0.7792901781701236, 0.7785821614605727, 0.7789457376626047, 0.7803107425771989], "loss": [2.793291854664958, 2.6063379925076084, 2.5438184204859264, 2.478964933997704, 2.3864677971940007, 2.236473857267612, 2.0119628443117925, 1.7329491659494762, 1.4536600460545435, 1.222591070184271, 1.0617541835391047, 0.9625725810711022, 0.8977253506358451, 0.8560914187382489, 0.8323115203323344, 0.8101129949590153, 0.7946375195481993, 0.787452502140903, 0.775158755322704, 0.7682384875656579, 0.7614110874987965, 0.7565582503379836, 0.7539903226054225, 0.7494119703693646, 0.7433135777243475], "val_acc": [0.2653467300191013, 0.3218349677972443, 0.30484256978825036, 0.31173137941092577, 0.31637494843997793, 0.3123947461144002, 0.31254783247650697, 0.3036689211815883, 0.28769708892097945, 0.280042856700531, 0.27499106289592573, 0.2726437645176999, 0.28096136487569895, 0.2669286050498197, 0.2665203780250634, 0.26743888613788025, 0.2708577778854376, 0.2682553378180496, 0.2724906799941913, 0.27009235372584456, 0.2715721733291374, 0.26993926897726356, 0.2737663861816742, 0.27330713192224443, 0.26299943236019463], "val_loss": [2.76962162365918, 2.6377653821838227, 2.667861198961671, 2.6725993271159196, 2.668626168458299, 2.6785897128027347, 2.8088751371134215, 2.965171590826855, 3.1623765136560884, 3.4047333045705837, 3.613243925076891, 3.761953333832144, 3.8307396244709544, 3.9906314271575622, 4.023916436463173, 4.168121360714182, 4.144961105376267, 4.258744200875688, 4.267516205540395, 4.327738659366172, 4.309713147991609, 4.338649997627479, 4.326616582721084, 4.4009460847876705, 4.484627853432875]}