{"acc": [0.3535236374731376, 0.40668068149678577, 0.4251303779004806, 0.4432399288867738, 0.4705900751188885, 0.5180402499450397, 0.5861888558251441, 0.6666078611995487, 0.7427183678248154, 0.7997996724409691, 0.8372029823544928, 0.8555770915406833, 0.8674758549747459, 0.8762125335942561, 0.8776109050141341, 0.8820768782060406, 0.8829398379805479, 0.885043695799939, 0.8824674141791772, 0.885912954455862, 0.8846342617092965, 0.8838783855289735, 0.8866814287354182, 0.8858814590200551, 0.884779137539219], "loss": [2.518704334457294, 2.25817407373248, 2.168052825005874, 2.073700270086535, 1.9397173731495678, 1.7412575212068373, 1.479908098218218, 1.198146606193576, 0.9390835520175252, 0.7443540890438372, 0.6129830398044516, 0.5409688240446024, 0.49143474240267776, 0.45886271953741953, 0.4452983591547028, 0.426852348096628, 0.4184668462708194, 0.40805001082569686, 0.4117455683287593, 0.3984174587345198, 0.40029540013333903, 0.39878103932684766, 0.390192564111027, 0.3888352904231773, 0.3918522413484096], "val_acc": [0.39659341834553113, 0.4104515113397559, 0.41760732633311576, 0.41911911783596123, 0.4142309914154767, 0.4070247828215511, 0.39523280567998875, 0.38646441239715706, 0.37895584666327686, 0.3688268400210571, 0.3691291983174211, 0.36237652944631815, 0.3600080553633723, 0.36000805511406847, 0.3615198462744966, 0.3615702399681759, 0.35985687650804726, 0.35718604282514865, 0.35809311791548587, 0.3554726785840682, 0.35935294424495107, 0.3547671768507201, 0.35980648209048577, 0.3612174884196708, 0.3584962621904914], "val_loss": [2.331718187446533, 2.2544175168483207, 2.221576119786043, 2.215937513061359, 2.2463173311916336, 2.323804451822874, 2.4627540544068904, 2.659389238351777, 2.910970365393188, 3.1341311049254714, 3.3702066023968276, 3.553693934328925, 3.729410280745925, 3.8186650841352896, 3.9243790236386387, 4.02035338838743, 4.075557447397716, 4.135972398395765, 4.185926862071536, 4.232876825467206, 4.30947464672074, 4.265818747511028, 4.330759076239769, 4.373503978491262, 4.408711943119866]}