{"acc": [0.29394804598408014, 0.33160049223664734, 0.345333462023395, 0.3584604700926999, 0.37841250350828187, 0.41445755935517625, 0.4710606088268822, 0.5467418360030061, 0.6205350170825862, 0.6801614886396983, 0.7182923243131821, 0.7412295068956404, 0.7533423297881666, 0.7611305119751387, 0.7668775641009377, 0.7700604488683938, 0.7713808042027241, 0.7733262546173059, 0.7734920969573662, 0.7733836624794739, 0.7739385937317699, 0.774882615076411, 0.7746210964719282, 0.7743787120259915, 0.7737663729738786], "loss": [2.7533997683864033, 2.569623303187102, 2.5002115403972622, 2.4270720346737877, 2.319415057694577, 2.1515314319112226, 1.9133196926399196, 1.6377812936402476, 1.3773338210462898, 1.172438395301949, 1.034908336217278, 0.9481746394710163, 0.8995683161225216, 0.8633446108391865, 0.8363595265128475, 0.8188037439224981, 0.8072054102403227, 0.7960120914211661, 0.788086620162061, 0.7815767960027814, 0.7762998881243063, 0.7703780847015007, 0.7652376812000253, 0.7645964777789906, 0.7622387262586185], "val_acc": [0.31831402015995053, 0.33295911895125935, 0.338674278163652, 0.34204214250469, 0.3415828870225696, 0.33663315068168675, 0.32841760832575895, 0.3219370236443994, 0.3051487399697541, 0.2984640442845091, 0.30356686472765015, 0.29555543492374087, 0.2902485001766664, 0.29142214884872114, 0.2914221492076204, 0.29065672563960276, 0.2908608389793747, 0.2888707387031886, 0.2872378359694028, 0.28907485041878944, 0.2883604554830233, 0.28861559772574186, 0.28897279463854775, 0.28774811630316666, 0.28846251285702085], "val_loss": [2.625389175986358, 2.5636529188871005, 2.533694492564333, 2.5196117573613663, 2.530479502250888, 2.5906223035037543, 2.695848661362775, 2.870713538890433, 3.104520807571847, 3.317338667250704, 3.496677410847716, 3.6772026060770777, 3.8168874954991168, 3.871909451738951, 4.021284950213231, 4.009515676850256, 4.057844357617797, 4.15028273511214, 4.191432280279383, 4.1929830006447935, 4.252890848946789, 4.29360485084204, 4.329278162829078, 4.35154703952174, 4.3490164078467535]}