{"acc": [0.2745254375837029, 0.3248328825947143, 0.33544675206301033, 0.3457353166468248, 0.3534086850088896, 0.36619125376941414, 0.3844784916119411, 0.41581619636114747, 0.46371893657192426, 0.5275998877318361, 0.5944978823350109, 0.6515155381229804, 0.6970518446913933, 0.7281535439158652, 0.7495917742815761, 0.7636500484950568, 0.7721845180445583, 0.7774850742703903, 0.7808848293227748, 0.7821988059518508, 0.7845205899166222, 0.7849607082807988, 0.7851775782342018, 0.7863512272347405, 0.787671582403308], "loss": [2.8419816526471458, 2.604384265542365, 2.54518828051622, 2.4985367840100547, 2.448484494198632, 2.383771681947392, 2.28932920441236, 2.1472252913139886, 1.951367971221543, 1.7207540697228296, 1.4893567291529755, 1.2891790086641393, 1.1297126744799257, 1.011485753901523, 0.9305566718227104, 0.8728763099506801, 0.8328499019179423, 0.8050137337095891, 0.7840866893811232, 0.7693896205557751, 0.7554089171932553, 0.7491253486103979, 0.7404878359367246, 0.7271862813585381, 0.7186932954860231], "val_acc": [0.3127519518719429, 0.32188600296571973, 0.33025463083517054, 0.3359697913843107, 0.34025616166347955, 0.34020513359390914, 0.33811297658396516, 0.3383681176769896, 0.32448844213281813, 0.3179058019510366, 0.31285400826200915, 0.3097923151274667, 0.3071898760386874, 0.3003010665688483, 0.29494310357351416, 0.2970352604944937, 0.2966270347874755, 0.29198346691267973, 0.2909118743455488, 0.2916772976010504, 0.29096290256415375, 0.29239169268509063, 0.29045262029446306, 0.2952492729087153, 0.2927488902335739], "val_loss": [2.651804866173708, 2.6010137351671094, 2.563256525498188, 2.5375386714545987, 2.522378052486025, 2.5259904098880592, 2.5419571926601443, 2.5859094670751164, 2.6862473630562067, 2.796683974160694, 2.9624975459055065, 3.1381758419769166, 3.303736110010238, 3.4455960989424224, 3.586768126338089, 3.712757054534428, 3.8010260393566373, 3.895170447716526, 3.983965380481234, 4.022623842149546, 4.081276851423773, 4.124816642839483, 4.165450605596943, 4.185362799384068, 4.200237108808626]}