{"acc": [0.2780463774094258, 0.3035030796927731, 0.3086059017608456, 0.3120439278087598, 0.31450603944274874, 0.31798233665727793, 0.3195961038471059, 0.3153352480897455, 0.31975556746594375, 0.322102865410373, 0.3239526380131596, 0.32533039995389074, 0.3271865518040825, 0.3282262514886025, 0.3309817754080839, 0.3326784635048506, 0.33410725357408166, 0.33634611652850277, 0.33996274163732176, 0.3419145711803093, 0.34201024877159436, 0.3441661910205774, 0.3466984660403609, 0.34828671943226197, 0.34887354394355685, 0.35111878526638424, 0.35226692073893084, 0.3531535356478764, 0.3532747276742866, 0.35360003236411097, 0.35609403655450794, 0.3552138000120677, 0.35778434622469935, 0.35488849502189335, 0.35479281709337984, 0.35663621181402305, 0.3571337367614088, 0.3568084314670825, 0.3565851832897455, 0.3564002059714499, 0.3570253017896498, 0.3563172851097537, 0.35763126176810417, 0.3559026809183713, 0.35663621165966597, 0.35579424576716273, 0.3551627714467297, 0.3546078401024277, 0.35430804935994487, 0.35391895927748473], "loss": [2.828063520775916, 2.6847620161661125, 2.6555937183884484, 2.6387368856099527, 2.623907850811468, 2.6040202044659613, 2.59318375642819, 2.6266602612505303, 2.598156749998397, 2.5855146562614544, 2.5762116810968534, 2.5705575406043426, 2.557063389543478, 2.550258585103356, 2.5425158902754097, 2.53059454541392, 2.519699913479573, 2.5075629801173998, 2.497207010066673, 2.486188567179882, 2.478944188965616, 2.4713696696146683, 2.4589843270747878, 2.4526772074549275, 2.4438095436100085, 2.4366775954591504, 2.428767308642221, 2.4271103850358506, 2.423111234756552, 2.4170678720435554, 2.4106294614305033, 2.4099172082106457, 2.403472545016522, 2.4125269101202207, 2.4080507812399263, 2.402797338356928, 2.4007250636659387, 2.3978609190873117, 2.3987086421069717, 2.3995651350937712, 2.4013941885500762, 2.4051443259618828, 2.399860439686445, 2.4099905764520693, 2.4015352439258684, 2.4036378343263354, 2.4076982420147903, 2.4088603762203853, 2.415304096385509, 2.417037577089402], "val_acc": [0.3220390799827598, 0.2890748515487137, 0.28142061953813, 0.3335204290061385, 0.2614175575226127, 0.3309690187328621, 0.2968311399356768, 0.29494309649361866, 0.26350971457057565, 0.29550440754763674, 0.2868806382262622, 0.28861559705812845, 0.3040771472421831, 0.2656018708961779, 0.27509312004028863, 0.2978517051974188, 0.2857580181834174, 0.29320813606495505, 0.31040464647085003, 0.31147623832550514, 0.2594274561332307, 0.2742766688376378, 0.2728989054951466, 0.2986681558267434, 0.3052507964997302, 0.2695310437971885, 0.30831248978786935, 0.2846353959902188, 0.2774404162803268, 0.31872224663875415, 0.30371994952641623, 0.28932999186158853, 0.2776445305949055, 0.2778996713442383, 0.29575954867107634, 0.3041792042709683, 0.287799145606073, 0.29928049516171745, 0.30290349877391015, 0.2950451528684773, 0.2981578739722201, 0.30540388095328386, 0.2908608388653177, 0.2656018710801898, 0.31244577608491997, 0.2968821692842059, 0.30244424462549574, 0.2747359225678433, 0.30821043224658823, 0.286931666869159], "val_loss": [2.7149947772386422, 2.7762526089593864, 2.7715088478879077, 2.6672760610915742, 2.8129958764091954, 2.6645793171691037, 2.6903719443620853, 2.7451969840219146, 2.810662331237789, 2.764640341962291, 2.7366625565548675, 2.756212367435776, 2.7366711036242983, 2.83175508050266, 2.766900618866998, 2.761815077541811, 2.7582393550882536, 2.7501317989025065, 2.7486535902320655, 2.7164369872341827, 2.796485811689408, 2.7770893350878487, 2.8002412110535158, 2.7253240975225532, 2.7326221181499952, 2.855469575796698, 2.7382509639422894, 2.848079136283311, 2.815992453697233, 2.750037158284375, 2.7854624326943123, 2.795195625492241, 2.8436056910750027, 2.867683272085099, 2.7831908786041963, 2.765182407192961, 2.840706250019972, 2.77857706014761, 2.8221207957441248, 2.8430339013848274, 2.8207393837393613, 2.7926988097035763, 2.8183514219270336, 2.89199541900671, 2.83773112929694, 2.7915825612655603, 2.820705151517774, 2.885571653747909, 2.7764892282367706, 2.82601631249178]}