{"acc": [0.2167692590595686, 0.23589981873949337, 0.24571120390604187, 0.25405252156090585, 0.2659115001580968, 0.28788375241797404, 0.32401852549825577, 0.37323295702435066, 0.42223737838082487, 0.45944188737704345, 0.48587028050975944, 0.501214104904045, 0.5112289368761278, 0.5163347948911376, 0.5198524557321508, 0.521466903491281, 0.5236654423381337, 0.5240985864334129, 0.5254242716447742, 0.5242232799726398, 0.5248861224977387, 0.525168322771817, 0.5252930156922077, 0.5252536395520302, 0.5258049141829161], "loss": [3.030144926146247, 2.9293864111820405, 2.8836622552568656, 2.834076059400188, 2.7640535646974076, 2.6535533181790494, 2.4930028654852543, 2.3034481799880866, 2.1219361378389356, 1.9781164173123116, 1.8766095111521142, 1.8074966190145665, 1.7605116788430353, 1.729714656333989, 1.704155980920279, 1.6870019550230355, 1.6709680625362076, 1.6593559530903008, 1.6477715021851655, 1.6411388394434772, 1.6317000847663792, 1.6238008883409152, 1.6194299628334747, 1.6131741593947335, 1.6090022878572245], "val_acc": [0.23657268240219365, 0.24434293408734833, 0.24833306442998418, 0.2493830983808499, 0.2515356688150341, 0.24933059654937065, 0.24308289312975873, 0.23531264100023697, 0.2264923541813239, 0.22323724899122005, 0.2223447201749174, 0.21803958036896187, 0.21730455655109576, 0.21719955300392302, 0.21551949832704415, 0.21830208891926522, 0.2167795395584515, 0.21620202090487728, 0.2138919458884595, 0.21242189837946582, 0.21457446737102168, 0.21446946453264568, 0.21499448136412866, 0.21651703139931636, 0.2141544544481509], "val_loss": [2.9431781873193796, 2.9030408741464364, 2.8807823234651635, 2.878397180908038, 2.887126359838435, 2.9286465675504014, 2.9949961828673524, 3.104709157532154, 3.2414533244773036, 3.346610428235872, 3.480916199236271, 3.570744080575312, 3.6215244962667525, 3.7082820031288297, 3.8033026968856407, 3.785324488148299, 3.837336695062186, 3.8244665937673554, 3.867889290951979, 3.8880282962591983, 3.945520642861836, 3.884199571126326, 3.9483983455733465, 3.934102206165824, 3.968666101932751]}